 Date,Close
12-31-2019,72.91
12-30-2019,72.38
12-27-2019,71.95
12-26-2019,71.98
12-24-2019,70.58
12-23-2019,70.51
12-20-2019,69.38
12-19-2019,69.53
12-18-2019,69.46
12-17-2019,69.62
12-16-2019,69.49
12-13-2019,68.32
12-12-2019,67.4
12-11-2019,67.23
12-10-2019,66.66
12-09-2019,66.27
12-06-2019,67.21
12-05-2019,65.94
12-04-2019,64.99
12-03-2019,64.42
12-02-2019,65.59
11-29-2019,66.35
11-27-2019,66.5
11-26-2019,65.62
11-25-2019,66.14
11-22-2019,65
11-21-2019,65.05
11-20-2019,65.35
11-19-2019,66.12
11-18-2019,66.32
11-15-2019,65.98
11-14-2019,65.21
11-13-2019,65.66
11-12-2019,65.04
11-11-2019,65.1
11-08-2019,64.59
11-07-2019,64.41
11-06-2019,63.68
11-05-2019,63.65
11-04-2019,63.74
11-01-2019,63.33
10-31-2019,61.58
10-30-2019,60.22
10-29-2019,60.22
10-28-2019,61.65
10-25-2019,61.04
10-24-2019,60.3
10-23-2019,60.2
10-22-2019,59.4
10-21-2019,59.54
10-18-2019,58.52
10-17-2019,58.24
10-16-2019,58.02
10-15-2019,58.25
10-14-2019,58.39
10-11-2019,58.47
10-10-2019,56.96
10-09-2019,56.2
10-08-2019,55.55
10-07-2019,56.21
10-04-2019,56.19
10-03-2019,54.66
10-02-2019,54.2
10-01-2019,55.6
09-30-2019,55.44
09-27-2019,54.17
09-26-2019,54.43
09-25-2019,54.71
09-24-2019,53.89
09-23-2019,54.14
09-20-2019,53.9
09-19-2019,54.7
09-18-2019,55.15
09-17-2019,54.63
09-16-2019,54.43
09-13-2019,54.15
09-12-2019,55.22
09-11-2019,55.35
09-10-2019,53.64
09-09-2019,53.02
09-06-2019,52.79
09-05-2019,52.8
09-04-2019,51.78
09-03-2019,50.92
08-30-2019,51.67
08-29-2019,51.74
08-28-2019,50.88
08-27-2019,50.54
08-26-2019,51.12
08-23-2019,50.16
08-22-2019,52.59
08-21-2019,52.64
08-20-2019,52.07
08-19-2019,52.07
08-16-2019,51.12
08-15-2019,49.94
08-14-2019,50.19
08-13-2019,51.73
08-12-2019,49.63
08-09-2019,49.75
08-08-2019,50.17
08-07-2019,49.08
08-06-2019,48.58
08-05-2019,47.68
08-02-2019,50.31
08-01-2019,51.4
07-31-2019,52.54
07-30-2019,51.49
07-29-2019,51.71
07-26-2019,51.23
07-25-2019,51.05
07-24-2019,51.46
07-23-2019,51.5
07-22-2019,51.1
07-19-2019,49.96
07-18-2019,50.72
07-17-2019,50.15
07-16-2019,50.43
07-15-2019,50.61
07-12-2019,50.14
07-11-2019,49.75
07-10-2019,50.12
07-09-2019,49.63
07-08-2019,49.33
07-05-2019,50.36
07-03-2019,50.41
07-02-2019,49.99
07-01-2019,49.7
06-28-2019,48.81
06-27-2019,49.26
06-26-2019,49.27
06-25-2019,48.23
06-24-2019,48.97
06-21-2019,49.02
06-20-2019,49.19
06-19-2019,48.8
06-18-2019,48.94
06-17-2019,47.81
06-14-2019,47.53
06-13-2019,47.88
06-12-2019,47.89
06-11-2019,48.04
06-10-2019,47.49
06-07-2019,46.89
06-06-2019,45.68
06-05-2019,45.02
06-04-2019,44.3
06-03-2019,42.74
05-31-2019,43.17
05-30-2019,43.97
05-29-2019,43.74
05-28-2019,43.95
05-24-2019,44.14
05-23-2019,44.31
05-22-2019,45.07
05-21-2019,46.02
05-20-2019,45.15
05-17-2019,46.61
05-16-2019,46.88
05-15-2019,47.08
05-14-2019,46.52
05-13-2019,45.8
05-10-2019,48.63
05-09-2019,49.31
05-08-2019,49.84
05-07-2019,49.83
05-06-2019,51.22
05-03-2019,52.02
05-02-2019,51.38
05-01-2019,51.72
04-30-2019,49.3
04-29-2019,50.26
04-26-2019,50.19
04-25-2019,50.43
04-24-2019,50.89
04-23-2019,50.97
04-22-2019,50.25
04-18-2019,50.08
04-17-2019,49.9
04-16-2019,48.95
04-15-2019,48.94
04-12-2019,48.85
04-11-2019,48.87
04-10-2019,49.28
04-09-2019,49.01
04-08-2019,49.16
04-05-2019,48.4
04-04-2019,48.07
04-03-2019,47.99
04-02-2019,47.66
04-01-2019,46.98
03-29-2019,46.66
03-28-2019,46.36
03-27-2019,46.3
03-26-2019,45.89
03-25-2019,46.37
03-22-2019,46.93
03-21-2019,47.93
03-20-2019,46.22
03-19-2019,45.82
03-18-2019,46.19
03-15-2019,45.72
03-14-2019,45.14
03-13-2019,44.64
03-12-2019,44.44
03-11-2019,43.95
03-08-2019,42.48
03-07-2019,42.38
03-06-2019,42.87
03-05-2019,43.12
03-04-2019,43.2
03-01-2019,42.98
02-28-2019,42.54
02-27-2019,42.96
02-26-2019,42.83
02-25-2019,42.8
02-22-2019,42.49
02-21-2019,42.02
02-20-2019,42.26
02-19-2019,41.99
02-15-2019,41.87
02-14-2019,41.96
02-13-2019,41.81
02-12-2019,41.98
02-11-2019,41.62
02-08-2019,41.86
02-07-2019,41.81
02-06-2019,42.62
02-05-2019,42.61
02-04-2019,41.89
02-01-2019,40.73
01-31-2019,40.71
01-30-2019,40.42
01-29-2019,37.84
01-28-2019,38.23
01-25-2019,38.59
01-24-2019,37.35
01-23-2019,37.65
01-22-2019,37.5
01-18-2019,38.36
01-17-2019,38.13
01-16-2019,37.9
01-15-2019,37.44
01-14-2019,36.69
01-11-2019,37.25
01-10-2019,37.62
01-09-2019,37.5
01-08-2019,36.88
01-07-2019,36.19
01-04-2019,36.27
01-03-2019,34.78
01-02-2019,38.63
12-31-2018,38.59
12-28-2018,38.22
12-27-2018,38.2
12-26-2018,38.45
12-24-2018,35.92
12-21-2018,36.87
12-20-2018,38.36
12-19-2018,39.36
12-18-2018,40.62
12-17-2018,40.1
12-14-2018,40.48
12-13-2018,41.82
12-12-2018,41.36
12-11-2018,41.25
12-10-2018,41.49
12-07-2018,41.21
12-06-2018,42.74
12-04-2018,43.22
12-03-2018,45.21
11-30-2018,43.68
11-29-2018,43.92
11-28-2018,44.26
11-27-2018,42.62
11-26-2018,42.71
11-23-2018,42.14
11-21-2018,43.24
11-20-2018,43.29
11-19-2018,45.46
11-16-2018,47.34
11-15-2018,46.82
11-14-2018,45.69
11-13-2018,47.02
11-12-2018,47.5
11-09-2018,50.02
11-08-2018,51
11-07-2018,51.18
11-06-2018,49.67
11-05-2018,49.14
11-02-2018,50.58
11-01-2018,54.17
10-31-2018,53.35
10-30-2018,51.99
10-29-2018,51.74
10-26-2018,52.73
10-25-2018,53.58
10-24-2018,52.43
10-23-2018,54.29
10-22-2018,53.79
10-19-2018,53.46
10-18-2018,52.66
10-17-2018,53.92
10-16-2018,54.15
10-15-2018,52.98
10-12-2018,54.14
10-11-2018,52.27
10-10-2018,52.74
10-09-2018,55.3
10-08-2018,54.55
10-05-2018,54.67
10-04-2018,55.58
10-03-2018,56.57
10-02-2018,55.89
10-01-2018,55.4
09-28-2018,55.03
09-27-2018,54.83
09-26-2018,53.73
09-25-2018,54.16
09-24-2018,53.82
09-21-2018,53.06
09-20-2018,53.63
09-19-2018,53.23
09-18-2018,53.2
09-17-2018,53.11
09-14-2018,54.56
09-13-2018,55.19
09-12-2018,53.89
09-11-2018,54.57
09-10-2018,53.22
09-07-2018,53.94
09-06-2018,54.38
09-05-2018,55.3
09-04-2018,55.67
08-31-2018,55.49
08-30-2018,54.85
08-29-2018,54.35
08-28-2018,53.55
08-27-2018,53.13
08-24-2018,52.69
08-23-2018,52.53
08-22-2018,52.42
08-21-2018,52.42
08-20-2018,52.52
08-17-2018,53.04
08-16-2018,52
08-15-2018,51.25
08-14-2018,51.13
08-13-2018,50.91
08-10-2018,50.59
08-09-2018,50.74
08-08-2018,50.34
08-07-2018,50.31
08-06-2018,50.79
08-03-2018,50.52
08-02-2018,50.38
08-01-2018,48.95
07-31-2018,46.22
07-30-2018,46.13
07-27-2018,46.39
07-26-2018,47.18
07-25-2018,47.32
07-24-2018,46.88
07-23-2018,46.54
07-20-2018,46.5
07-19-2018,46.61
07-18-2018,46.25
07-17-2018,46.5
07-16-2018,46.37
07-13-2018,46.48
07-12-2018,46.4
07-11-2018,45.64
07-10-2018,46.24
07-09-2018,46.29
07-06-2018,45.66
07-05-2018,45.04
07-03-2018,44.68
07-02-2018,45.47
06-29-2018,44.96
06-28-2018,45.06
06-27-2018,44.73
06-26-2018,44.8
06-25-2018,44.25
06-22-2018,44.92
06-21-2018,45.05
06-20-2018,45.3
06-19-2018,45.11
06-18-2018,45.85
06-15-2018,45.87
06-14-2018,46.35
06-13-2018,46.32
06-12-2018,46.71
06-11-2018,46.45
06-08-2018,46.57
06-07-2018,46.99
06-06-2018,47.12
06-05-2018,46.96
06-04-2018,46.6
06-01-2018,46.21
05-31-2018,45.39
05-30-2018,45.55
05-29-2018,45.64
05-25-2018,45.81
05-24-2018,45.7
05-23-2018,45.75
05-22-2018,45.46
05-21-2018,45.58
05-18-2018,45.26
05-17-2018,45.42
05-16-2018,45.71
05-15-2018,45.29
05-14-2018,45.7
05-11-2018,45.81
05-10-2018,45.99
05-09-2018,45.34
05-08-2018,45.02
05-07-2018,44.8
05-04-2018,44.48
05-03-2018,42.8
05-02-2018,42.73
05-01-2018,40.92
04-30-2018,39.99
04-27-2018,39.28
04-26-2018,39.74
04-25-2018,39.6
04-24-2018,39.43
04-23-2018,39.98
04-20-2018,40.1
04-19-2018,41.81
04-18-2018,43.03
04-17-2018,43.13
04-16-2018,42.54
04-13-2018,42.28
04-12-2018,42.14
04-11-2018,41.73
04-10-2018,41.92
04-09-2018,41.15
04-06-2018,40.74
04-05-2018,41.81
04-04-2018,41.53
04-03-2018,40.75
04-02-2018,40.33
03-29-2018,40.6
03-28-2018,40.28
03-27-2018,40.73
03-26-2018,41.81
03-23-2018,39.91
03-22-2018,40.86
03-21-2018,41.44
03-20-2018,42.4
03-19-2018,42.42
03-16-2018,43.08
03-15-2018,43.23
03-14-2018,43.18
03-13-2018,43.55
03-12-2018,43.97
03-09-2018,43.55
03-08-2018,42.82
03-07-2018,42.35
03-06-2018,42.75
03-05-2018,42.79
03-02-2018,42.64
03-01-2018,42.35
02-28-2018,43.1
02-27-2018,43.17
02-26-2018,43.31
02-23-2018,42.47
02-22-2018,41.74
02-21-2018,41.39
02-20-2018,41.58
02-16-2018,41.72
02-15-2018,41.86
02-14-2018,40.5
02-13-2018,39.77
02-12-2018,39.37
02-09-2018,37.85
02-08-2018,37.39
02-07-2018,38.45
02-06-2018,39.29
02-05-2018,37.71
02-02-2018,38.68
02-01-2018,40.43
01-31-2018,40.35
01-30-2018,40.24
01-29-2018,40.48
01-26-2018,41.33
01-25-2018,41.24
01-24-2018,41.99
01-23-2018,42.67
01-22-2018,42.66
01-19-2018,43.01
01-18-2018,43.2
01-17-2018,43.16
01-16-2018,42.46
01-12-2018,42.68
01-11-2018,42.24
01-10-2018,42
01-09-2018,42.01
01-08-2018,42.02
01-05-2018,42.17
01-04-2018,41.7
01-03-2018,41.51
01-02-2018,41.51
12-29-2017,40.78
12-28-2017,41.23
12-27-2017,41.11
12-26-2017,41.11
12-22-2017,42.18
12-21-2017,42.18
12-20-2017,42.02
12-19-2017,42.06
12-18-2017,42.52
12-15-2017,41.93
12-14-2017,41.5
12-13-2017,41.52
12-12-2017,41.38
12-11-2017,41.61
12-08-2017,40.82
12-07-2017,40.81
12-06-2017,40.73
12-05-2017,40.88
12-04-2017,40.92
12-01-2017,41.22
11-30-2017,41.41
11-29-2017,40.84
11-28-2017,41.71
11-27-2017,41.95
11-24-2017,42.17
11-22-2017,42.16
11-21-2017,41.73
11-20-2017,40.96
11-17-2017,41.01
11-16-2017,41.23
11-15-2017,40.75
11-14-2017,41.29
11-13-2017,41.93
11-10-2017,42.09
11-09-2017,42.23
11-08-2017,42.32
11-07-2017,41.98
11-06-2017,41.84
11-03-2017,41.42
11-02-2017,40.37
11-01-2017,40.08
10-31-2017,40.59
10-30-2017,40.03
10-27-2017,39.15
10-26-2017,37.8
10-25-2017,37.56
10-24-2017,37.72
10-23-2017,37.5
10-20-2017,37.52
10-19-2017,37.46
10-18-2017,38.36
10-17-2017,38.53
10-16-2017,38.39
10-13-2017,37.7
10-12-2017,37.46
10-11-2017,37.59
10-10-2017,37.44
10-09-2017,37.42
10-06-2017,37.29
10-05-2017,37.31
10-04-2017,36.86
10-03-2017,37.1
10-02-2017,36.93
09-29-2017,37.01
09-28-2017,36.81
09-27-2017,37.04
09-26-2017,36.77
09-25-2017,36.15
09-22-2017,36.47
09-21-2017,36.83
09-20-2017,37.48
09-19-2017,38.12
09-18-2017,38.1
09-15-2017,38.39
09-14-2017,38.01
09-13-2017,38.34
09-12-2017,38.63
09-11-2017,38.78
09-08-2017,38.09
09-07-2017,38.72
09-06-2017,38.88
09-05-2017,38.92
09-01-2017,39.39
08-31-2017,39.38
08-30-2017,39.23
08-29-2017,39.12
08-28-2017,38.77
08-25-2017,38.39
08-24-2017,38.25
08-23-2017,38.42
08-22-2017,38.37
08-21-2017,37.75
08-18-2017,37.82
08-17-2017,37.91
08-16-2017,38.65
08-15-2017,38.81
08-14-2017,38.38
08-11-2017,37.82
08-10-2017,37.3
08-09-2017,38.52
08-08-2017,38.29
08-07-2017,37.99
08-04-2017,37.41
08-03-2017,37.21
08-02-2017,37.59
08-01-2017,35.89
07-31-2017,35.57
07-28-2017,35.76
07-27-2017,36.01
07-26-2017,36.71
07-25-2017,36.53
07-24-2017,36.38
07-21-2017,35.94
07-20-2017,35.96
07-19-2017,36.12
07-18-2017,35.9
07-17-2017,35.77
07-14-2017,35.65
07-13-2017,35.35
07-12-2017,34.86
07-11-2017,34.81
07-10-2017,34.7
07-07-2017,34.49
07-06-2017,34.14
07-05-2017,34.47
07-03-2017,34.32
06-30-2017,34.45
06-29-2017,34.37
06-28-2017,34.88
06-27-2017,34.38
06-26-2017,34.88
06-23-2017,34.99
06-22-2017,34.83
06-21-2017,34.89
06-20-2017,34.69
06-19-2017,35
06-16-2017,34.03
06-15-2017,34.51
06-14-2017,34.72
06-13-2017,35.06
06-12-2017,34.78
06-09-2017,35.63
06-08-2017,37.07
06-07-2017,37.16
06-06-2017,36.94
06-05-2017,36.82
06-02-2017,37.18
06-01-2017,36.64
05-31-2017,36.54
05-30-2017,36.76
05-26-2017,36.74
05-25-2017,36.8
05-24-2017,36.68
05-23-2017,36.79
05-22-2017,36.83
05-19-2017,36.61
05-18-2017,36.49
05-17-2017,35.94
05-16-2017,37.19
05-15-2017,37.24
05-12-2017,37.34
05-11-2017,36.82
05-10-2017,36.51
05-09-2017,36.68
05-08-2017,36.45
05-05-2017,35.48
05-04-2017,34.9
05-03-2017,35.03
05-02-2017,35.14
05-01-2017,34.92
04-28-2017,34.22
04-27-2017,34.25
04-26-2017,34.23
04-25-2017,34.43
04-24-2017,34.22
04-21-2017,33.89
04-20-2017,33.93
04-19-2017,33.51
04-18-2017,33.63
04-17-2017,33.79
04-13-2017,33.6
04-12-2017,33.78
04-11-2017,33.74
04-10-2017,34.1
04-07-2017,34.14
04-06-2017,34.22
04-05-2017,34.31
04-04-2017,34.49
04-03-2017,34.23
03-31-2017,34.22
03-30-2017,34.29
03-29-2017,34.33
03-28-2017,34.25
03-27-2017,33.56
03-24-2017,33.5
03-23-2017,33.57
03-22-2017,33.69
03-21-2017,33.31
03-20-2017,33.7
03-17-2017,33.35
03-16-2017,33.51
03-15-2017,33.46
03-14-2017,33.11
03-13-2017,33.16
03-10-2017,33.14
03-09-2017,33.03
03-08-2017,33.11
03-07-2017,33.23
03-06-2017,33.19
03-03-2017,33.3
03-02-2017,33.1
03-01-2017,33.3
02-28-2017,32.63
02-27-2017,32.62
02-24-2017,32.55
02-23-2017,32.52
02-22-2017,32.66
02-21-2017,32.56
02-17-2017,32.33
02-16-2017,32.24
02-15-2017,32.28
02-14-2017,32.16
02-13-2017,31.75
02-10-2017,31.47
02-09-2017,31.54
02-08-2017,31.32
02-07-2017,31.2
02-06-2017,30.9
02-03-2017,30.62
02-02-2017,30.48
02-01-2017,30.54
01-31-2017,28.78
01-30-2017,28.85
01-27-2017,28.92
01-26-2017,28.92
01-25-2017,28.91
01-24-2017,28.45
01-23-2017,28.48
01-20-2017,28.46
01-19-2017,28.41
01-18-2017,28.46
01-17-2017,28.46
01-13-2017,28.23
01-12-2017,28.28
01-11-2017,28.4
01-10-2017,28.25
01-09-2017,28.22
01-06-2017,27.97
01-05-2017,27.66
01-04-2017,27.52
01-03-2017,27.55
12-30-2016,27.47
12-29-2016,27.69
12-28-2016,27.69
12-27-2016,27.81
12-23-2016,27.64
12-22-2016,27.58
12-21-2016,27.76
12-20-2016,27.74
12-19-2016,27.66
12-16-2016,27.51
12-15-2016,27.47
12-14-2016,27.32
12-13-2016,27.32
12-12-2016,26.87
12-09-2016,27.03
12-08-2016,26.59
12-07-2016,26.33
12-06-2016,26.08
12-05-2016,25.88
12-02-2016,26.07
12-01-2016,25.97
11-30-2016,26.21
11-29-2016,26.44
11-28-2016,26.46
11-25-2016,26.51
11-23-2016,26.38
11-22-2016,26.52
11-21-2016,26.5
11-18-2016,26.1
11-17-2016,26.08
11-16-2016,26.09
11-15-2016,25.4
11-14-2016,25.07
11-11-2016,25.72
11-10-2016,25.57
11-09-2016,26.3
11-08-2016,26.34
11-07-2016,26.19
11-04-2016,25.81
11-03-2016,26.05
11-02-2016,26.33
11-01-2016,26.31
10-31-2016,26.79
10-28-2016,26.83
10-27-2016,27.01
10-26-2016,27.28
10-25-2016,27.9
10-24-2016,27.76
10-21-2016,27.51
10-20-2016,27.62
10-19-2016,27.64
10-18-2016,27.72
10-17-2016,27.74
10-14-2016,27.76
10-13-2016,27.6
10-12-2016,27.69
10-11-2016,27.44
10-10-2016,27.38
10-07-2016,26.91
10-06-2016,26.87
10-05-2016,26.68
10-04-2016,26.66
10-03-2016,26.55
09-30-2016,26.68
09-29-2016,26.47
09-28-2016,26.89
09-27-2016,26.69
09-26-2016,26.64
09-23-2016,26.6
09-22-2016,27.05
09-21-2016,26.79
09-20-2016,26.8
09-19-2016,26.8
09-16-2016,27.12
09-15-2016,27.27
09-14-2016,26.37
09-13-2016,25.47
09-12-2016,24.88
09-09-2016,24.34
09-08-2016,24.9
09-07-2016,25.57
09-06-2016,25.41
09-02-2016,25.42
09-01-2016,25.18
08-31-2016,25.04
08-30-2016,25.01
08-29-2016,25.21
08-26-2016,25.23
08-25-2016,25.38
08-24-2016,25.49
08-23-2016,25.69
08-22-2016,25.6
08-19-2016,25.81
08-18-2016,25.74
08-17-2016,25.77
08-16-2016,25.81
08-15-2016,25.83
08-12-2016,25.53
08-11-2016,25.47
08-10-2016,25.48
08-09-2016,25.68
08-08-2016,25.57
08-05-2016,25.36
08-04-2016,24.98
08-03-2016,24.83
08-02-2016,24.52
08-01-2016,24.89
07-29-2016,24.46
07-28-2016,24.49
07-27-2016,24.16
07-26-2016,22.69
07-25-2016,22.85
07-22-2016,23.16
07-21-2016,23.34
07-20-2016,23.46
07-19-2016,23.44
07-18-2016,23.43
07-15-2016,23.18
07-14-2016,23.19
07-13-2016,22.74
07-12-2016,22.86
07-11-2016,22.76
07-08-2016,22.69
07-07-2016,22.52
07-06-2016,22.42
07-05-2016,22.29
07-01-2016,22.51
06-30-2016,22.44
06-29-2016,22.16
06-28-2016,21.97
06-27-2016,21.6
06-24-2016,21.92
06-23-2016,22.55
06-22-2016,22.43
06-21-2016,22.51
06-20-2016,22.32
06-17-2016,22.37
06-16-2016,22.89
06-15-2016,22.8
06-14-2016,22.87
06-13-2016,22.85
06-10-2016,23.2
06-09-2016,23.39
06-08-2016,23.22
06-07-2016,23.24
06-06-2016,23.15
06-03-2016,22.98
06-02-2016,22.93
06-01-2016,23.11
05-31-2016,23.44
05-27-2016,23.55
05-26-2016,23.57
05-25-2016,23.38
05-24-2016,22.98
05-23-2016,22.63
05-20-2016,22.35
05-19-2016,22.11
05-18-2016,22.19
05-17-2016,21.94
05-16-2016,22.03
05-13-2016,21.24
05-12-2016,21.2
05-11-2016,21.71
05-10-2016,21.93
05-09-2016,21.78
05-06-2016,21.76
05-05-2016,21.88
05-04-2016,21.97
05-03-2016,22.2
05-02-2016,21.84
04-29-2016,21.87
04-28-2016,22.12
04-27-2016,22.82
04-26-2016,24.34
04-25-2016,24.51
04-22-2016,24.65
04-21-2016,24.72
04-20-2016,24.99
04-19-2016,24.94
04-18-2016,25.07
04-15-2016,25.63
04-14-2016,26.15
04-13-2016,26.14
04-12-2016,25.76
04-11-2016,25.43
04-08-2016,25.35
04-07-2016,25.32
04-06-2016,25.88
04-05-2016,25.62
04-04-2016,25.92
04-01-2016,25.66
03-31-2016,25.42
03-30-2016,25.56
03-29-2016,25.12
03-28-2016,24.54
03-24-2016,24.65
03-23-2016,24.76
03-22-2016,24.9
03-21-2016,24.71
03-18-2016,24.71
03-17-2016,24.68
03-16-2016,24.72
03-15-2016,24.4
03-14-2016,23.92
03-11-2016,23.85
03-10-2016,23.6
03-09-2016,23.59
03-08-2016,23.57
03-07-2016,23.76
03-04-2016,24.03
03-03-2016,23.68
03-02-2016,23.5
03-01-2016,23.45
02-29-2016,22.56
02-26-2016,22.61
02-25-2016,22.57
02-24-2016,22.42
02-23-2016,22.09
02-22-2016,22.6
02-19-2016,22.4
02-18-2016,22.46
02-17-2016,22.89
02-16-2016,22.54
02-12-2016,21.93
02-11-2016,21.86
02-10-2016,21.99
02-09-2016,22.16
02-08-2016,22.16
02-05-2016,21.93
02-04-2016,22.53
02-03-2016,22.35
02-02-2016,21.92
02-01-2016,22.37
01-29-2016,22.58
01-28-2016,21.83
01-27-2016,21.68
01-26-2016,23.2
01-25-2016,23.07
01-22-2016,23.53
01-21-2016,22.34
01-20-2016,22.46
01-19-2016,22.43
01-15-2016,22.54
01-14-2016,23.09
01-13-2016,22.6
01-12-2016,23.19
01-11-2016,22.86
01-08-2016,22.5
01-07-2016,22.38
01-06-2016,23.36
01-05-2016,23.83
01-04-2016,24.44
12-31-2015,24.42
12-30-2015,24.9
12-29-2015,25.23
12-28-2015,24.78
12-24-2015,25.06
12-23-2015,25.2
12-22-2015,24.88
12-21-2015,24.9
12-18-2015,24.6
12-17-2015,25.29
12-16-2015,25.83
12-15-2015,25.64
12-14-2015,26.1
12-11-2015,26.26
12-10-2015,26.95
12-09-2015,26.83
12-08-2015,27.43
12-07-2015,27.44
12-04-2015,27.62
12-03-2015,26.73
12-02-2015,26.98
12-01-2015,27.22
11-30-2015,27.45
11-27-2015,27.33
11-25-2015,27.39
11-24-2015,27.58
11-23-2015,27.32
11-20-2015,27.68
11-19-2015,27.56
11-18-2015,27.21
11-17-2015,26.38
11-16-2015,26.49
11-13-2015,26.06
11-12-2015,26.85
11-11-2015,26.94
11-10-2015,27.09
11-09-2015,27.97
11-06-2015,28.09
11-05-2015,28.06
11-04-2015,28.19
11-03-2015,28.32
11-02-2015,28
10-30-2015,27.61
10-29-2015,27.85
10-28-2015,27.55
10-27-2015,26.46
10-26-2015,26.63
10-23-2015,27.51
10-22-2015,26.68
10-21-2015,26.28
10-20-2015,26.28
10-19-2015,25.81
10-16-2015,25.65
10-15-2015,25.84
10-14-2015,25.46
10-13-2015,25.83
10-12-2015,25.78
10-09-2015,25.9
10-08-2015,25.3
10-07-2015,25.59
10-06-2015,25.72
10-05-2015,25.59
10-02-2015,25.5
10-01-2015,25.32
09-30-2015,25.48
09-29-2015,25.2
09-28-2015,25.98
09-25-2015,26.5
09-24-2015,26.57
09-23-2015,26.41
09-22-2015,26.2
09-21-2015,26.62
09-18-2015,26.21
09-17-2015,26.32
09-16-2015,26.89
09-15-2015,26.86
09-14-2015,26.64
09-11-2015,26.39
09-10-2015,26.01
09-09-2015,25.45
09-08-2015,25.95
09-04-2015,25.24
09-03-2015,25.5
09-02-2015,25.95
09-01-2015,24.89
08-31-2015,26.05
08-28-2015,26.17
08-27-2015,26.09
08-26-2015,25.34
08-25-2015,23.97
08-24-2015,23.82
08-21-2015,24.43
08-20-2015,26.03
08-19-2015,26.57
08-18-2015,26.91
08-17-2015,27.07
08-14-2015,26.79
08-13-2015,26.6
08-12-2015,26.62
08-11-2015,26.22
08-10-2015,27.66
08-07-2015,26.69
08-06-2015,26.6
08-05-2015,26.54
08-04-2015,26.37
08-03-2015,27.24
07-31-2015,27.9
07-30-2015,28.14
07-29-2015,28.29
07-28-2015,28.38
07-27-2015,28.24
07-24-2015,28.63
07-23-2015,28.79
07-22-2015,28.8
07-21-2015,30.07
07-20-2015,30.37
07-17-2015,29.81
07-16-2015,29.56
07-15-2015,29.17
07-14-2015,28.89
07-13-2015,28.9
07-10-2015,28.35
07-09-2015,27.61
07-08-2015,28.19
07-07-2015,28.91
07-06-2015,28.98
07-02-2015,29.08
07-01-2015,29.12
06-30-2015,28.85
06-29-2015,28.64
06-26-2015,29.15
06-25-2015,29.32
06-24-2015,29.46
06-23-2015,29.22
06-22-2015,29.35
06-19-2015,29.12
06-18-2015,29.41
06-17-2015,29.28
06-16-2015,29.35
06-15-2015,29.19
06-12-2015,29.25
06-11-2015,29.57
06-10-2015,29.64
06-09-2015,29.31
06-08-2015,29.39
06-05-2015,29.59
06-04-2015,29.75
06-03-2015,29.93
06-02-2015,29.89
06-01-2015,30.02
05-29-2015,29.96
05-28-2015,30.31
05-27-2015,30.37
05-26-2015,29.81
05-22-2015,30.48
05-21-2015,30.22
05-20-2015,29.91
05-19-2015,29.91
05-18-2015,29.94
05-15-2015,29.62
05-14-2015,29.66
05-13-2015,28.98
05-12-2015,28.95
05-11-2015,29.05
05-08-2015,29.35
05-07-2015,28.81
05-06-2015,28.63
05-05-2015,28.81
05-04-2015,29.48
05-01-2015,29.53
04-30-2015,28.66
04-29-2015,29.46
04-28-2015,29.9
04-27-2015,30.38
04-24-2015,29.84
04-23-2015,29.7
04-22-2015,29.46
04-21-2015,29.07
04-20-2015,29.22
04-17-2015,28.57
04-16-2015,28.9
04-15-2015,29.04
04-14-2015,28.93
04-13-2015,29.05
04-10-2015,29.11
04-09-2015,28.99
04-08-2015,28.77
04-07-2015,28.86
04-06-2015,29.17
04-02-2015,28.7
04-01-2015,28.46
03-31-2015,28.5
03-30-2015,28.94
03-27-2015,28.23
03-26-2015,28.45
03-25-2015,28.26
03-24-2015,29.02
03-23-2015,29.14
03-20-2015,28.83
03-19-2015,29.2
03-18-2015,29.42
03-17-2015,29.1
03-16-2015,28.62
03-13-2015,28.31
03-12-2015,28.5
03-11-2015,28
03-10-2015,28.52
03-09-2015,29.12
03-06-2015,29
03-05-2015,28.95
03-04-2015,29.44
03-03-2015,29.63
03-02-2015,29.57
02-27-2015,29.42
02-26-2015,29.87
02-25-2015,29.5
02-24-2015,30.27
02-23-2015,30.46
02-20-2015,29.66
02-19-2015,29.42
02-18-2015,29.48
02-17-2015,29.28
02-13-2015,29.11
02-12-2015,28.96
02-11-2015,28.6
02-10-2015,27.95
02-09-2015,27.42
02-06-2015,27.24
02-05-2015,27.47
02-04-2015,27.28
02-03-2015,27.07
02-02-2015,27.06
01-30-2015,26.73
01-29-2015,27.12
01-28-2015,26.31
01-27-2015,24.9
01-26-2015,25.8
01-23-2015,25.77
01-22-2015,25.64
01-21-2015,24.99
01-20-2015,24.8
01-16-2015,24.18
01-15-2015,24.37
01-14-2015,25.05
01-13-2015,25.14
01-12-2015,24.92
01-09-2015,25.55
01-08-2015,25.53
01-07-2015,24.58
01-06-2015,24.24
01-05-2015,24.24
01-02-2015,24.94
12-31-2014,25.18
12-30-2014,25.67
12-29-2014,25.99
12-26-2014,26
12-24-2014,25.55
12-23-2014,25.67
12-22-2014,25.77
12-19-2014,25.5
12-18-2014,25.7
12-17-2014,24.96
12-16-2014,24.35
12-15-2014,24.69
12-12-2014,25.03
12-11-2014,25.46
12-10-2014,25.54
12-09-2014,26.03
12-08-2014,25.64
12-05-2014,26.24
12-04-2014,26.35
12-03-2014,26.45
12-02-2014,26.15
12-01-2014,26.25
11-28-2014,27.13
11-26-2014,27.15
11-25-2014,26.83
11-24-2014,27.06
11-21-2014,26.57
11-20-2014,26.53
11-19-2014,26.16
11-18-2014,26.34
11-17-2014,26
11-14-2014,26.05
11-13-2014,25.74
11-12-2014,25.38
11-11-2014,25.03
11-10-2014,24.83
11-07-2014,24.87
11-06-2014,24.8
11-05-2014,24.73
11-04-2014,24.67
11-03-2014,24.85
10-31-2014,24.53
10-30-2014,24.3
10-29-2014,24.38
10-28-2014,24.25
10-27-2014,23.88
10-24-2014,23.9
10-23-2014,23.81
10-22-2014,23.39
10-21-2014,23.28
10-20-2014,22.66
10-17-2014,22.19
10-16-2014,21.87
10-15-2014,22.16
10-14-2014,22.43
10-13-2014,22.67
10-10-2014,22.88
10-09-2014,22.95
10-08-2014,22.9
10-07-2014,22.43
10-06-2014,22.63
10-03-2014,22.63
10-02-2014,22.69
10-01-2014,22.53
09-30-2014,22.88
09-29-2014,22.74
09-26-2014,22.88
09-25-2014,22.23
09-24-2014,23.11
09-23-2014,23.31
09-22-2014,22.96
09-19-2014,22.93
09-18-2014,23.12
09-17-2014,23.07
09-16-2014,22.91
09-15-2014,23.08
09-12-2014,23.09
09-11-2014,23.04
09-10-2014,22.94
09-09-2014,22.26
09-08-2014,22.34
09-05-2014,22.48
09-04-2014,22.29
09-03-2014,22.47
09-02-2014,23.46
08-29-2014,23.28
08-28-2014,23.23
08-27-2014,23.2
08-26-2014,22.92
08-25-2014,23.06
08-22-2014,23.01
08-21-2014,22.85
08-20-2014,22.84
08-19-2014,22.83
08-18-2014,22.52
08-15-2014,22.26
08-14-2014,22.15
08-13-2014,22.09
08-12-2014,21.8
08-11-2014,21.8
08-08-2014,21.52
08-07-2014,21.46
08-06-2014,21.46
08-05-2014,21.5
08-04-2014,21.61
08-01-2014,21.73
07-31-2014,21.61
07-30-2014,22.18
07-29-2014,22.24
07-28-2014,22.38
07-25-2014,22.08
07-24-2014,21.93
07-23-2014,21.97
07-22-2014,21.41
07-21-2014,21.23
07-18-2014,21.34
07-17-2014,21.04
07-16-2014,21.42
07-15-2014,21.54
07-14-2014,21.8
07-11-2014,21.52
07-10-2014,21.48
07-09-2014,21.56
07-08-2014,21.55
07-07-2014,21.69
07-03-2014,21.25
07-02-2014,21.13
07-01-2014,21.14
06-30-2014,21
06-27-2014,20.79
06-26-2014,20.55
06-25-2014,20.42
06-24-2014,20.41
06-23-2014,20.53
06-20-2014,20.55
06-19-2014,20.76
06-18-2014,20.83
06-17-2014,20.81
06-16-2014,20.84
06-13-2014,20.63
06-12-2014,20.86
06-11-2014,21.21
06-10-2014,21.3
06-09-2014,21.18
06-06-2014,20.84
06-05-2014,20.9
06-04-2014,20.82
06-03-2014,20.59
06-02-2014,20.3
05-30-2014,20.44
05-29-2014,20.52
05-28-2014,20.15
05-27-2014,20.2
05-23-2014,19.83
05-22-2014,19.61
05-21-2014,19.58
05-20-2014,19.53
05-19-2014,19.52
05-16-2014,19.29
05-15-2014,19.01
05-14-2014,19.18
05-13-2014,19.17
05-12-2014,19.14
05-09-2014,18.91
05-08-2014,18.99
05-07-2014,19.02
05-06-2014,19.09
05-05-2014,19.3
05-02-2014,19.03
05-01-2014,18.99
04-30-2014,18.95
04-29-2014,19.02
04-28-2014,19.08
04-25-2014,18.36
04-24-2014,18.23
04-23-2014,16.85
04-22-2014,17.07
04-21-2014,17.06
04-17-2014,16.86
04-16-2014,16.67
04-15-2014,16.63
04-14-2014,16.75
04-11-2014,16.68
04-10-2014,16.81
04-09-2014,17.03
04-08-2014,16.81
04-07-2014,16.81
04-04-2014,17.08
04-03-2014,17.3
04-02-2014,17.42
04-01-2014,17.39
03-31-2014,17.23
03-28-2014,17.24
03-27-2014,17.26
03-26-2014,17.33
03-25-2014,17.5
03-24-2014,17.31
03-21-2014,17.11
03-20-2014,16.98
03-19-2014,17.06
03-18-2014,17.06
03-17-2014,16.91
03-14-2014,16.85
03-13-2014,17.04
03-12-2014,17.23
03-11-2014,17.21
03-10-2014,17.05
03-07-2014,17.03
03-06-2014,17.04
03-05-2014,17.09
03-04-2014,17.06
03-03-2014,16.95
02-28-2014,16.9
02-27-2014,16.94
02-26-2014,16.61
02-25-2014,16.76
02-24-2014,16.94
02-21-2014,16.87
02-20-2014,17.05
02-19-2014,17.25
02-18-2014,17.53
02-14-2014,17.47
02-13-2014,17.48
02-12-2014,17.21
02-11-2014,17.21
02-10-2014,16.99
02-07-2014,16.69
02-06-2014,16.46
02-05-2014,16.36
02-04-2014,16.24
02-03-2014,16.01
01-31-2014,15.98
01-30-2014,15.95
01-29-2014,15.98
01-28-2014,16.17
01-27-2014,17.57
01-24-2014,17.43
01-23-2014,17.75
01-22-2014,17.6
01-21-2014,17.53
01-17-2014,17.26
01-16-2014,17.69
01-15-2014,17.79
01-14-2014,17.44
01-13-2014,17.1
01-10-2014,17.01
01-09-2014,17.12
01-08-2014,17.35
01-07-2014,17.24
01-06-2014,17.36
01-03-2014,17.27
01-02-2014,17.65
12-31-2013,17.91
12-30-2013,17.7
12-27-2013,17.88
12-26-2013,18
12-24-2013,18.12
12-23-2013,18.2
12-20-2013,17.52
12-19-2013,17.38
12-18-2013,17.58
12-17-2013,17.71
12-16-2013,17.79
12-13-2013,17.7
12-12-2013,17.89
12-11-2013,17.92
12-10-2013,18.05
12-09-2013,18.08
12-06-2013,17.87
12-05-2013,18.13
12-04-2013,18.03
12-03-2013,18.08
12-02-2013,17.59
11-29-2013,17.75
11-27-2013,17.43
11-26-2013,17.03
11-25-2013,16.72
11-22-2013,16.59
11-21-2013,16.63
11-20-2013,16.44
11-19-2013,16.58
11-18-2013,16.55
11-15-2013,16.76
11-14-2013,16.86
11-13-2013,16.62
11-12-2013,16.6
11-11-2013,16.57
11-08-2013,16.62
11-07-2013,16.36
11-06-2013,16.63
11-05-2013,16.67
11-04-2013,16.72
11-01-2013,16.5
10-31-2013,16.59
10-30-2013,16.66
10-29-2013,16.4
10-28-2013,16.81
10-25-2013,16.69
10-24-2013,16.88
10-23-2013,16.66
10-22-2013,16.5
10-21-2013,16.54
10-18-2013,16.15
10-17-2013,16.01
10-16-2013,15.9
10-15-2013,15.82
10-14-2013,15.74
10-11-2013,15.64
10-10-2013,15.54
10-09-2013,15.44
10-08-2013,15.26
10-07-2013,15.48
10-04-2013,15.33
10-03-2013,15.34
10-02-2013,15.54
10-01-2013,15.48
09-30-2013,15.13
09-27-2013,15.32
09-26-2013,15.43
09-25-2013,15.28
09-24-2013,15.52
09-23-2013,15.57
09-20-2013,14.83
09-19-2013,14.99
09-18-2013,14.75
09-17-2013,14.45
09-16-2013,14.28
09-13-2013,14.75
09-12-2013,15
09-11-2013,14.84
09-10-2013,15.7
09-09-2013,16.06
09-06-2013,15.81
09-05-2013,15.72
09-04-2013,15.83
09-03-2013,15.5
08-30-2013,15.46
08-29-2013,15.6
08-28-2013,15.58
08-27-2013,15.5
08-26-2013,15.96
08-23-2013,15.9
08-22-2013,15.96
08-21-2013,15.94
08-20-2013,15.9
08-19-2013,16.11
08-16-2013,15.94
08-15-2013,15.8
08-14-2013,15.82
08-13-2013,15.54
08-12-2013,14.83
08-09-2013,14.42
08-08-2013,14.63
08-07-2013,14.66
08-06-2013,14.67
08-05-2013,14.8
08-02-2013,14.58
08-01-2013,14.4
07-31-2013,14.27
07-30-2013,14.29
07-29-2013,14.12
07-26-2013,13.9
07-25-2013,13.82
07-24-2013,13.89
07-23-2013,13.21
07-22-2013,13.44
07-19-2013,13.4
07-18-2013,13.61
07-17-2013,13.57
07-16-2013,13.56
07-15-2013,13.48
07-12-2013,13.45
07-11-2013,13.47
07-10-2013,13.26
07-09-2013,13.31
07-08-2013,13.08
07-05-2013,13.16
07-03-2013,13.27
07-02-2013,13.19
07-01-2013,12.9
06-28-2013,12.5
06-27-2013,12.41
06-26-2013,12.55
06-25-2013,12.69
06-24-2013,12.69
06-21-2013,13.04
06-20-2013,13.14
06-19-2013,13.34
06-18-2013,13.61
06-17-2013,13.62
06-14-2013,13.56
06-13-2013,13.74
06-12-2013,13.62
06-11-2013,13.8
06-10-2013,13.84
06-07-2013,13.93
06-06-2013,13.82
06-05-2013,14.03
06-04-2013,14.16
06-03-2013,14.21
05-31-2013,14.18
05-30-2013,14.24
05-29-2013,14.03
05-28-2013,13.92
05-24-2013,14.03
05-23-2013,13.94
05-22-2013,13.91
05-21-2013,13.86
05-20-2013,13.96
05-17-2013,13.66
05-16-2013,13.7
05-15-2013,13.52
05-14-2013,13.99
05-13-2013,14.34
05-10-2013,14.28
05-09-2013,14.4
05-08-2013,14.53
05-07-2013,14.36
05-06-2013,14.43
05-03-2013,14.09
05-02-2013,13.95
05-01-2013,13.76
04-30-2013,13.87
04-29-2013,13.47
04-26-2013,13.07
04-25-2013,12.79
04-24-2013,12.7
04-23-2013,12.72
04-22-2013,12.49
04-19-2013,12.23
04-18-2013,12.28
04-17-2013,12.61
04-16-2013,13.35
04-15-2013,13.15
04-12-2013,13.46
04-11-2013,13.6
04-10-2013,13.64
04-09-2013,13.37
04-08-2013,13.35
04-05-2013,13.25
04-04-2013,13.4
04-03-2013,13.53
04-02-2013,13.46
04-01-2013,13.43
03-28-2013,13.86
03-27-2013,14.16
03-26-2013,14.44
03-25-2013,14.52
03-22-2013,14.47
03-21-2013,14.18
03-20-2013,14.16
03-19-2013,14.23
03-18-2013,14.27
03-15-2013,13.89
03-14-2013,13.54
03-13-2013,13.41
03-12-2013,13.42
03-11-2013,13.71
03-08-2013,13.52
03-07-2013,13.48
03-06-2013,13.33
03-05-2013,13.5
03-04-2013,13.15
03-01-2013,13.48
02-28-2013,13.82
02-27-2013,13.92
02-26-2013,14.06
02-25-2013,13.87
02-22-2013,14.12
02-21-2013,13.97
02-20-2013,14.06
02-19-2013,14.41
02-15-2013,14.41
02-14-2013,14.61
02-13-2013,14.63
02-12-2013,14.65
02-11-2013,15.03
02-08-2013,14.88
02-07-2013,14.66
02-06-2013,14.24
02-05-2013,14.26
02-04-2013,13.77
02-01-2013,14.12
01-31-2013,14.18
01-30-2013,14.22
01-29-2013,14.27
01-28-2013,14.01
01-25-2013,13.7
01-24-2013,14.03
01-23-2013,16
01-22-2013,15.72
01-18-2013,15.57
01-17-2013,15.65
01-16-2013,15.76
01-15-2013,15.13
01-14-2013,15.62
01-11-2013,16.2
01-10-2013,16.3
01-09-2013,16.1
01-08-2013,16.36
01-07-2013,16.31
01-04-2013,16.41
01-03-2013,16.88
01-02-2013,17.09
12-31-2012,16.57
12-28-2012,15.87
12-27-2012,16.04
12-26-2012,15.97
12-24-2012,16.2
12-21-2012,16.17
12-20-2012,16.24
12-19-2012,16.39
12-18-2012,16.62
12-17-2012,16.15
12-14-2012,15.87
12-13-2012,16.49
12-12-2012,16.78
12-11-2012,16.86
12-10-2012,16.5
12-07-2012,16.6
12-06-2012,17.04
12-05-2012,16.78
12-04-2012,17.93
12-03-2012,18.25
11-30-2012,18.22
11-29-2012,18.35
11-28-2012,18.15
11-27-2012,18.21
11-26-2012,18.36
11-23-2012,17.79
11-21-2012,17.49
11-20-2012,17.46
11-19-2012,17.61
11-16-2012,16.43
11-15-2012,16.37
11-14-2012,16.72
11-13-2012,16.9
11-12-2012,16.9
11-09-2012,17.03
11-08-2012,16.74
11-07-2012,17.37
11-06-2012,18.07
11-05-2012,18.12
11-02-2012,17.88
11-01-2012,18.49
10-31-2012,18.45
10-26-2012,18.72
10-25-2012,18.89
10-24-2012,19.12
10-23-2012,19.01
10-22-2012,19.65
10-19-2012,18.9
10-18-2012,19.61
10-17-2012,19.98
10-16-2012,20.14
10-15-2012,19.67
10-12-2012,19.52
10-11-2012,19.47
10-10-2012,19.86
10-09-2012,19.71
10-08-2012,19.78
10-05-2012,20.23
10-04-2012,20.67
10-03-2012,20.81
10-02-2012,20.5
10-01-2012,20.44
09-28-2012,20.68
09-27-2012,21.12
09-26-2012,20.62
09-25-2012,20.88
09-24-2012,21.41
09-21-2012,21.7
09-20-2012,21.66
09-19-2012,21.76
09-18-2012,21.76
09-17-2012,21.69
09-14-2012,21.43
09-13-2012,21.17
09-12-2012,20.76
09-11-2012,20.47
09-10-2012,20.54
09-07-2012,21.09
09-06-2012,20.96
09-05-2012,20.77
09-04-2012,20.92
08-31-2012,20.62
08-30-2012,20.58
08-29-2012,20.87
08-28-2012,20.92
08-27-2012,20.94
08-24-2012,20.56
08-23-2012,20.54
08-22-2012,20.73
08-21-2012,20.33
08-20-2012,20.62
08-17-2012,20.09
08-16-2012,19.72
08-15-2012,19.55
08-14-2012,19.58
08-13-2012,19.53
08-10-2012,19.27
08-09-2012,19.24
08-08-2012,19.13
08-07-2012,19.16
08-06-2012,19.21
08-03-2012,19
08-02-2012,18.76
08-01-2012,18.73
07-31-2012,18.85
07-30-2012,18.36
07-27-2012,18.06
07-26-2012,17.74
07-25-2012,17.74
07-24-2012,18.55
07-23-2012,18.64
07-20-2012,18.65
07-19-2012,18.96
07-18-2012,18.71
07-17-2012,18.73
07-16-2012,18.73
07-13-2012,18.67
07-12-2012,18.48
07-11-2012,18.65
07-10-2012,18.77
07-09-2012,18.95
07-06-2012,18.7
07-05-2012,18.82
07-03-2012,18.5
07-02-2012,18.29
06-29-2012,18.02
06-28-2012,17.56
06-27-2012,17.73
06-26-2012,17.65
06-25-2012,17.62
06-22-2012,17.96
06-21-2012,17.83
06-20-2012,18.08
06-19-2012,18.13
06-18-2012,18.08
06-15-2012,17.72
06-14-2012,17.64
06-13-2012,17.66
06-12-2012,17.78
06-11-2012,17.63
06-08-2012,17.91
06-07-2012,17.64
06-06-2012,17.64
06-05-2012,17.37
06-04-2012,17.42
06-01-2012,17.31
05-31-2012,17.83
05-30-2012,17.87
05-29-2012,17.66
05-25-2012,17.35
05-24-2012,17.45
05-23-2012,17.61
05-22-2012,17.19
05-21-2012,17.32
05-18-2012,16.37
05-17-2012,16.36
05-16-2012,16.85
05-15-2012,17.07
05-14-2012,17.23
05-11-2012,17.49
05-10-2012,17.61
05-09-2012,17.57
05-08-2012,17.54
05-07-2012,17.58
05-04-2012,17.44
05-03-2012,17.96
05-02-2012,18.08
05-01-2012,17.97
04-30-2012,18.02
04-27-2012,18.61
04-26-2012,18.75
04-25-2012,18.83
04-24-2012,17.29
04-23-2012,17.64
04-20-2012,17.68
04-19-2012,18.13
04-18-2012,18.77
04-17-2012,18.82
04-16-2012,17.9
04-13-2012,18.68
04-12-2012,19.22
04-11-2012,19.33
04-10-2012,19.39
04-09-2012,19.64
04-05-2012,19.56
04-04-2012,19.27
04-03-2012,19.42
04-02-2012,19.09
03-30-2012,18.5
03-29-2012,18.82
03-28-2012,19.06
03-27-2012,18.96
03-26-2012,18.73
03-23-2012,18.4
03-22-2012,18.5
03-21-2012,18.59
03-20-2012,18.7
03-19-2012,18.55
03-16-2012,18.07
03-15-2012,18.07
03-14-2012,18.2
03-13-2012,17.53
03-12-2012,17.04
03-09-2012,16.83
03-08-2012,16.73
03-07-2012,16.38
03-06-2012,16.36
03-05-2012,16.45
03-02-2012,16.83
03-01-2012,16.8
02-29-2012,16.74
02-28-2012,16.52
02-27-2012,16.23
02-24-2012,16.12
02-23-2012,15.94
02-22-2012,15.83
02-21-2012,15.89
02-17-2012,15.5
02-16-2012,15.5
02-15-2012,15.36
02-14-2012,15.72
02-13-2012,15.51
02-10-2012,15.23
02-09-2012,15.22
02-08-2012,14.71
02-07-2012,14.47
02-06-2012,14.32
02-03-2012,14.19
02-02-2012,14.05
02-01-2012,14.08
01-31-2012,14.09
01-30-2012,13.98
01-27-2012,13.8
01-26-2012,13.72
01-25-2012,13.78
01-24-2012,12.97
01-23-2012,13.19
01-20-2012,12.97
01-19-2012,13.2
01-18-2012,13.24
01-17-2012,13.11
01-13-2012,12.96
01-12-2012,13
01-11-2012,13.04
01-10-2012,13.06
01-09-2012,13.02
01-06-2012,13.04
01-05-2012,12.9
01-04-2012,12.76
01-03-2012,12.69
12-30-2011,12.5
12-29-2011,12.5
12-28-2011,12.43
12-27-2011,12.55
12-23-2011,12.45
12-22-2011,12.3
12-21-2011,12.24
12-20-2011,12.22
12-19-2011,11.8
12-16-2011,11.76
12-15-2011,11.69
12-14-2011,11.73
12-13-2011,12
12-12-2011,12.09
12-09-2011,12.15
12-08-2011,12.06
12-07-2011,12.01
12-06-2011,12.07
12-05-2011,12.13
12-02-2011,12.03
12-01-2011,11.97
11-30-2011,11.8
11-29-2011,11.52
11-28-2011,11.61
11-25-2011,11.22
11-23-2011,11.33
11-22-2011,11.62
11-21-2011,11.39
11-18-2011,11.57
11-17-2011,11.65
11-16-2011,11.87
11-15-2011,12
11-14-2011,11.7
11-11-2011,11.87
11-10-2011,11.89
11-09-2011,12.2
11-08-2011,12.54
11-07-2011,12.34
11-04-2011,12.35
11-03-2011,12.44
11-02-2011,12.26
11-01-2011,12.24
10-31-2011,12.49
10-28-2011,12.5
10-27-2011,12.49
10-26-2011,12.36
10-25-2011,12.28
10-24-2011,12.52
10-21-2011,12.12
10-20-2011,12.2
10-19-2011,12.3
10-18-2011,13.03
10-17-2011,12.96
10-14-2011,13.02
10-13-2011,12.61
10-12-2011,12.41
10-11-2011,12.35
10-10-2011,12
10-07-2011,11.41
10-06-2011,11.65
10-05-2011,11.67
10-04-2011,11.5
10-03-2011,11.56
09-30-2011,11.77
09-29-2011,12.05
09-28-2011,12.25
09-27-2011,12.32
09-26-2011,12.44
09-23-2011,12.48
09-22-2011,12.4
09-21-2011,12.72
09-20-2011,12.76
09-19-2011,12.7
09-16-2011,12.36
09-15-2011,12.13
09-14-2011,12.01
09-13-2011,11.87
09-12-2011,11.73
09-09-2011,11.65
09-08-2011,11.86
09-07-2011,11.85
09-06-2011,11.72
09-02-2011,11.54
09-01-2011,11.76
08-31-2011,11.88
08-30-2011,12.04
08-29-2011,12.04
08-26-2011,11.84
08-25-2011,11.53
08-24-2011,11.61
08-23-2011,11.53
08-22-2011,11
08-19-2011,10.99
08-18-2011,11.3
08-17-2011,11.74
08-16-2011,11.74
08-15-2011,11.83
08-12-2011,11.63
08-11-2011,11.53
08-10-2011,11.22
08-09-2011,11.54
08-08-2011,10.9
08-05-2011,11.53
08-04-2011,11.65
08-03-2011,12.12
08-02-2011,12
08-01-2011,12.24
07-29-2011,12.05
07-28-2011,12.09
07-27-2011,12.12
07-26-2011,12.45
07-25-2011,12.3
07-22-2011,12.14
07-21-2011,11.95
07-20-2011,11.94
07-19-2011,11.63
07-18-2011,11.54
07-15-2011,11.26
07-14-2011,11.04
07-13-2011,11.05
07-12-2011,10.92
07-11-2011,10.93
07-08-2011,11.1
07-07-2011,11.02
07-06-2011,10.86
07-05-2011,10.78
07-01-2011,10.59
06-30-2011,10.36
06-29-2011,10.31
06-28-2011,10.35
06-27-2011,10.25
06-24-2011,10.07
06-23-2011,10.22
06-22-2011,9.96
06-21-2011,10.04
06-20-2011,9.73
06-17-2011,9.88
06-16-2011,10.04
06-15-2011,10.08
06-14-2011,10.26
06-13-2011,10.08
06-10-2011,10.06
06-09-2011,10.23
06-08-2011,10.25
06-07-2011,10.25
06-06-2011,10.43
06-03-2011,10.6
06-02-2011,10.68
06-01-2011,10.66
05-31-2011,10.73
05-27-2011,10.41
05-26-2011,10.34
05-25-2011,10.39
05-24-2011,10.25
05-23-2011,10.32
05-20-2011,10.35
05-19-2011,10.51
05-18-2011,10.49
05-17-2011,10.37
05-16-2011,10.29
05-13-2011,10.51
05-12-2011,10.7
05-11-2011,10.72
05-10-2011,10.78
05-09-2011,10.73
05-06-2011,10.7
05-05-2011,10.7
05-04-2011,10.79
05-03-2011,10.75
05-02-2011,10.69
04-29-2011,10.81
04-28-2011,10.7
04-27-2011,10.81
04-26-2011,10.81
04-25-2011,10.89
04-21-2011,10.82
04-20-2011,10.57
04-19-2011,10.43
04-18-2011,10.24
04-15-2011,10.11
04-14-2011,10.26
04-13-2011,10.37
04-12-2011,10.26
04-11-2011,10.21
04-08-2011,10.34
04-07-2011,10.43
04-06-2011,10.43
04-05-2011,10.46
04-04-2011,10.53
04-01-2011,10.63
03-31-2011,10.76
03-30-2011,10.76
03-29-2011,10.83
03-28-2011,10.82
03-25-2011,10.85
03-24-2011,10.65
03-23-2011,10.47
03-22-2011,10.53
03-21-2011,10.47
03-18-2011,10.21
03-17-2011,10.33
03-16-2011,10.18
03-15-2011,10.66
03-14-2011,10.91
03-11-2011,10.86
03-10-2011,10.7
03-09-2011,10.88
03-08-2011,10.98
03-07-2011,10.97
03-04-2011,11.11
03-03-2011,11.1
03-02-2011,10.87
03-01-2011,10.78
02-28-2011,10.9
02-25-2011,10.74
02-24-2011,10.58
02-23-2011,10.57
02-22-2011,10.45
02-18-2011,10.82
02-17-2011,11.06
02-16-2011,11.21
02-15-2011,11.11
02-14-2011,11.09
02-11-2011,11.01
02-10-2011,10.94
02-09-2011,11.05
02-08-2011,10.96
02-07-2011,10.86
02-04-2011,10.69
02-03-2011,10.6
02-02-2011,10.63
02-01-2011,10.65
01-31-2011,10.47
01-28-2011,10.37
01-27-2011,10.59
01-26-2011,10.61
01-25-2011,10.54
01-24-2011,10.41
01-21-2011,10.08
01-20-2011,10.27
01-19-2011,10.46
01-18-2011,10.51
01-14-2011,10.75
01-13-2011,10.67
01-12-2011,10.63
01-11-2011,10.54
01-10-2011,10.57
01-07-2011,10.37
01-06-2011,10.3
01-05-2011,10.31
01-04-2011,10.22
01-03-2011,10.17
12-31-2010,9.95
12-30-2010,9.99
12-29-2010,10.04
12-28-2010,10.04
12-27-2010,10.02
12-23-2010,9.99
12-22-2010,10.04
12-21-2010,10.01
12-20-2010,9.94
12-17-2010,9.89
12-16-2010,9.91
12-15-2010,9.89
12-14-2010,9.88
12-13-2010,9.93
12-10-2010,9.89
12-09-2010,9.87
12-08-2010,9.91
12-07-2010,9.82
12-06-2010,9.88
12-03-2010,9.8
12-02-2010,9.82
12-01-2010,9.76
11-30-2010,9.6
11-29-2010,9.78
11-26-2010,9.72
11-24-2010,9.72
11-23-2010,9.53
11-22-2010,9.67
11-19-2010,9.47
11-18-2010,9.52
11-17-2010,9.27
11-16-2010,9.31
11-15-2010,9.48
11-12-2010,9.51
11-11-2010,9.77
11-10-2010,9.82
11-09-2010,9.75
11-08-2010,9.83
11-05-2010,9.79
11-04-2010,9.82
11-03-2010,9.65
11-02-2010,9.55
11-01-2010,9.39
10-29-2010,9.29
10-28-2010,9.42
10-27-2010,9.5
10-26-2010,9.51
10-25-2010,9.53
10-22-2010,9.49
10-21-2010,9.55
10-20-2010,9.58
10-19-2010,9.55
10-18-2010,9.81
10-15-2010,9.71
10-14-2010,9.33
10-13-2010,9.26
10-12-2010,9.21
10-11-2010,9.12
10-08-2010,9.08
10-07-2010,8.93
10-06-2010,8.93
10-05-2010,8.92
10-04-2010,8.6
10-01-2010,8.72
09-30-2010,8.76
09-29-2010,8.87
09-28-2010,8.85
09-27-2010,8.99
09-24-2010,9.02
09-23-2010,8.92
09-22-2010,8.88
09-21-2010,8.76
09-20-2010,8.74
09-17-2010,8.5
09-16-2010,8.54
09-15-2010,8.34
09-14-2010,8.27
09-13-2010,8.24
09-10-2010,8.13
09-09-2010,8.12
09-08-2010,8.11
09-07-2010,7.96
09-03-2010,7.99
09-02-2010,7.78
09-01-2010,7.73
08-31-2010,7.5
08-30-2010,7.48
08-27-2010,7.46
08-26-2010,7.42
08-25-2010,7.5
08-24-2010,7.4
08-23-2010,7.59
08-20-2010,7.7
08-19-2010,7.71
08-18-2010,7.81
08-17-2010,7.78
08-16-2010,7.64
08-13-2010,7.69
08-12-2010,7.77
08-11-2010,7.72
08-10-2010,8.01
08-09-2010,8.08
08-06-2010,8.03
08-05-2010,8.08
08-04-2010,8.12
08-03-2010,8.08
08-02-2010,8.08
07-30-2010,7.94
07-29-2010,7.97
07-28-2010,8.05
07-27-2010,8.15
07-26-2010,8
07-23-2010,8.02
07-22-2010,7.99
07-21-2010,7.85
07-20-2010,7.77
07-19-2010,7.58
07-16-2010,7.71
07-15-2010,7.76
07-14-2010,7.8
07-13-2010,7.77
07-12-2010,7.94
07-09-2010,8.01
07-08-2010,7.97
07-07-2010,7.98
07-06-2010,7.67
07-02-2010,7.62
07-01-2010,7.67
06-30-2010,7.76
06-29-2010,7.91
06-28-2010,8.28
06-25-2010,8.23
06-24-2010,8.3
06-23-2010,8.36
06-22-2010,8.45
06-21-2010,8.34
06-18-2010,8.46
06-17-2010,8.39
06-16-2010,8.25
06-15-2010,8.01
06-14-2010,7.85
06-11-2010,7.82
06-10-2010,7.73
06-09-2010,7.51
06-08-2010,7.69
06-07-2010,7.74
06-04-2010,7.9
06-03-2010,8.12
06-02-2010,8.15
06-01-2010,8.05
05-28-2010,7.93
05-27-2010,7.82
05-26-2010,7.53
05-25-2010,7.57
05-24-2010,7.62
05-21-2010,7.48
05-20-2010,7.34
05-19-2010,7.66
05-18-2010,7.79
05-17-2010,7.85
05-14-2010,7.83
05-13-2010,7.97
05-12-2010,8.09
05-11-2010,7.92
05-10-2010,7.84
05-07-2010,7.28
05-06-2010,7.6
05-05-2010,7.9
05-04-2010,7.98
05-03-2010,8.22
04-30-2010,8.06
04-29-2010,8.29
04-28-2010,8.07
04-27-2010,8.09
04-26-2010,8.32
04-23-2010,8.36
04-22-2010,8.22
04-21-2010,8
04-20-2010,7.55
04-19-2010,7.63
04-16-2010,7.64
04-15-2010,7.68
04-14-2010,7.58
04-13-2010,7.48
04-12-2010,7.48
04-09-2010,7.46
04-08-2010,7.41
04-07-2010,7.43
04-06-2010,7.39
04-05-2010,7.36
04-01-2010,7.28
03-31-2010,7.25
03-30-2010,7.28
03-29-2010,7.17
03-26-2010,7.13
03-25-2010,6.99
03-24-2010,7.08
03-23-2010,7.05
03-22-2010,6.94
03-19-2010,6.86
03-18-2010,6.93
03-17-2010,6.92
03-16-2010,6.93
03-15-2010,6.91
03-12-2010,6.99
03-11-2010,6.96
03-10-2010,6.94
03-09-2010,6.88
03-08-2010,6.76
03-05-2010,6.76
03-04-2010,6.5
03-03-2010,6.46
03-02-2010,6.45
03-01-2010,6.45
02-26-2010,6.32
02-25-2010,6.23
02-24-2010,6.19
02-23-2010,6.08
02-22-2010,6.19
02-19-2010,6.22
02-18-2010,6.26
02-17-2010,6.25
02-16-2010,6.28
02-12-2010,6.18
02-11-2010,6.13
02-10-2010,6.02
02-09-2010,6.05
02-08-2010,5.99
02-05-2010,6.03
02-04-2010,5.93
02-03-2010,6.15
02-02-2010,6.04
02-01-2010,6.01
01-29-2010,5.93
01-28-2010,6.15
01-27-2010,6.42
01-26-2010,6.36
01-25-2010,6.27
01-22-2010,6.1
01-21-2010,6.42
01-20-2010,6.53
01-19-2010,6.64
01-15-2010,6.36
01-14-2010,6.46
01-13-2010,6.5
01-12-2010,6.41
01-11-2010,6.48
01-08-2010,6.54
01-07-2010,6.5
01-06-2010,6.51
01-05-2010,6.62
01-04-2010,6.6
12-31-2009,6.5
12-30-2009,6.53
12-29-2009,6.45
12-28-2009,6.53
12-24-2009,6.45
12-23-2009,6.24
12-22-2009,6.18
12-21-2009,6.12
12-18-2009,6.03
12-17-2009,5.92
12-16-2009,6.02
12-15-2009,5.99
12-14-2009,6.08
12-11-2009,6.01
12-10-2009,6.06
12-09-2009,6.1
12-08-2009,5.86
12-07-2009,5.83
12-04-2009,5.97
12-03-2009,6.06
12-02-2009,6.06
12-01-2009,6.08
11-30-2009,6.17
11-27-2009,6.19
11-25-2009,6.3
11-24-2009,6.31
11-23-2009,6.35
11-20-2009,6.17
11-19-2009,6.19
11-18-2009,6.36
11-17-2009,6.39
11-16-2009,6.38
11-13-2009,6.31
11-12-2009,6.23
11-11-2009,6.27
11-10-2009,6.26
11-09-2009,6.22
11-06-2009,6
11-05-2009,5.99
11-04-2009,5.89
11-03-2009,5.83
11-02-2009,5.84
10-30-2009,5.82
10-29-2009,6.06
10-28-2009,5.94
10-27-2009,6.09
10-26-2009,6.25
10-23-2009,6.29
10-22-2009,6.33
10-21-2009,6.32
10-20-2009,6.13
10-19-2009,5.86
10-16-2009,5.8
10-15-2009,5.88
10-14-2009,5.9
10-13-2009,5.86
10-12-2009,5.89
10-09-2009,5.88
10-08-2009,5.84
10-07-2009,5.87
10-06-2009,5.86
10-05-2009,5.74
10-02-2009,5.71
10-01-2009,5.58
09-30-2009,5.72
09-29-2009,5.72
09-28-2009,5.75
09-25-2009,5.63
09-24-2009,5.67
09-23-2009,5.72
09-22-2009,5.69
09-21-2009,5.68
09-18-2009,5.71
09-17-2009,5.7
09-16-2009,5.61
09-15-2009,5.41
09-14-2009,5.36
09-11-2009,5.31
09-10-2009,5.33
09-09-2009,5.28
09-08-2009,5.34
09-04-2009,5.26
09-03-2009,5.14
09-02-2009,5.1
09-01-2009,5.1
08-31-2009,5.19
08-28-2009,5.25
08-27-2009,5.23
08-26-2009,5.17
08-25-2009,5.23
08-24-2009,5.22
08-21-2009,5.22
08-20-2009,5.13
08-19-2009,5.08
08-18-2009,5.06
08-17-2009,4.93
08-14-2009,5.15
08-13-2009,5.2
08-12-2009,5.1
08-11-2009,5.03
08-10-2009,5.08
08-07-2009,5.11
08-06-2009,5.06
08-05-2009,5.1
08-04-2009,5.11
08-03-2009,5.14
07-31-2009,5.04
07-30-2009,5.02
07-29-2009,4.94
07-28-2009,4.94
07-27-2009,4.94
07-24-2009,4.94
07-23-2009,4.87
07-22-2009,4.84
07-21-2009,4.68
07-20-2009,4.72
07-17-2009,4.68
07-16-2009,4.55
07-15-2009,4.53
07-14-2009,4.39
07-13-2009,4.39
07-10-2009,4.28
07-09-2009,4.21
07-08-2009,4.23
07-07-2009,4.18
07-06-2009,4.28
07-02-2009,4.32
07-01-2009,4.41
06-30-2009,4.4
06-29-2009,4.38
06-26-2009,4.4
06-25-2009,4.32
06-24-2009,4.2
06-23-2009,4.14
06-22-2009,4.24
06-19-2009,4.3
06-18-2009,4.19
06-17-2009,4.18
06-16-2009,4.21
06-15-2009,4.2
06-12-2009,4.23
06-11-2009,4.32
06-10-2009,4.33
06-09-2009,4.4
06-08-2009,4.44
06-05-2009,4.46
06-04-2009,4.44
06-03-2009,4.35
06-02-2009,4.3
06-01-2009,4.3
05-29-2009,4.19
05-28-2009,4.17
05-27-2009,4.11
05-26-2009,4.04
05-22-2009,3.78
05-21-2009,3.83
05-20-2009,3.88
05-19-2009,3.93
05-18-2009,3.91
05-15-2009,3.78
05-14-2009,3.79
05-13-2009,3.69
05-12-2009,3.84
05-11-2009,4
05-08-2009,3.99
05-07-2009,3.98
05-06-2009,4.09
05-05-2009,4.1
05-04-2009,4.08
05-01-2009,3.93
04-30-2009,3.88
04-29-2009,3.86
04-28-2009,3.82
04-27-2009,3.85
04-24-2009,3.82
04-23-2009,3.87
04-22-2009,3.75
04-21-2009,3.76
04-20-2009,3.72
04-17-2009,3.81
04-16-2009,3.75
04-15-2009,3.63
04-14-2009,3.65
04-13-2009,3.71
04-09-2009,3.69
04-08-2009,3.59
04-07-2009,3.55
04-06-2009,3.66
04-03-2009,3.58
04-02-2009,3.48
04-01-2009,3.35
03-31-2009,3.24
03-30-2009,3.22
03-27-2009,3.3
03-26-2009,3.39
03-25-2009,3.29
03-24-2009,3.29
03-23-2009,3.32
03-20-2009,3.14
03-19-2009,3.14
03-18-2009,3.13
03-17-2009,3.08
03-16-2009,2.94
03-13-2009,2.96
03-12-2009,2.97
03-11-2009,2.86
03-10-2009,2.74
03-09-2009,2.56
03-06-2009,2.63
03-05-2009,2.74
03-04-2009,2.81
03-03-2009,2.73
03-02-2009,2.71
02-27-2009,2.76
02-26-2009,2.75
02-25-2009,2.81
02-24-2009,2.79
02-23-2009,2.68
02-20-2009,2.81
02-19-2009,2.8
02-18-2009,2.91
02-17-2009,2.92
02-13-2009,3.06
02-12-2009,3.06
02-11-2009,2.99
02-10-2009,3.02
02-09-2009,3.16
02-06-2009,3.08
02-05-2009,2.98
02-04-2009,2.89
02-03-2009,2.87
02-02-2009,2.82
01-30-2009,2.78
01-29-2009,2.87
01-28-2009,2.91
01-27-2009,2.8
01-26-2009,2.77
01-23-2009,2.73
01-22-2009,2.73
01-21-2009,2.56
01-20-2009,2.41
01-16-2009,2.54
01-15-2009,2.57
01-14-2009,2.63
01-13-2009,2.71
01-12-2009,2.74
01-09-2009,2.8
01-08-2009,2.86
01-07-2009,2.81
01-06-2009,2.87
01-05-2009,2.92
01-02-2009,2.8
12-31-2008,2.63
12-30-2008,2.66
12-29-2008,2.67
12-26-2008,2.65
12-24-2008,2.62
12-23-2008,2.67
12-22-2008,2.65
12-19-2008,2.78
12-18-2008,2.76
12-17-2008,2.75
12-16-2008,2.95
12-15-2008,2.92
12-12-2008,3.03
12-11-2008,2.93
12-10-2008,3.03
12-09-2008,3.09
12-08-2008,3.08
12-05-2008,2.9
12-04-2008,2.82
12-03-2008,2.96
12-02-2008,2.85
12-01-2008,2.74
11-28-2008,2.86
11-26-2008,2.93
11-25-2008,2.8
11-24-2008,2.87
11-21-2008,2.55
11-20-2008,2.48
11-19-2008,2.66
11-18-2008,2.77
11-17-2008,2.72
11-14-2008,2.78
11-13-2008,2.98
11-12-2008,2.78
11-11-2008,2.92
11-10-2008,2.96
11-07-2008,3.03
11-06-2008,3.06
11-05-2008,3.19
11-04-2008,3.43
11-03-2008,3.3
10-31-2008,3.32
10-30-2008,3.43
10-29-2008,3.23
10-28-2008,3.08
10-27-2008,2.84
10-24-2008,2.97
10-23-2008,3.03
10-22-2008,2.99
10-21-2008,2.82
10-20-2008,3.04
10-17-2008,3.01
10-16-2008,3.14
10-15-2008,3.02
10-14-2008,3.21
10-13-2008,3.4
10-10-2008,2.99
10-09-2008,2.74
10-08-2008,2.77
10-07-2008,2.75
10-06-2008,3.03
10-03-2008,3
10-02-2008,3.09
10-01-2008,3.37
09-30-2008,3.51
09-29-2008,3.25
09-26-2008,3.96
09-25-2008,4.07
09-24-2008,3.97
09-23-2008,3.91
09-22-2008,4.04
09-19-2008,4.35
09-18-2008,4.14
09-17-2008,3.95
09-16-2008,4.32
09-15-2008,4.33
09-12-2008,4.6
09-11-2008,4.71
09-10-2008,4.68
09-09-2008,4.68
09-08-2008,4.87
09-05-2008,4.94
09-04-2008,4.98
09-03-2008,5.15
09-02-2008,5.13
08-29-2008,5.23
08-28-2008,5.36
08-27-2008,5.39
08-26-2008,5.36
08-25-2008,5.33
08-22-2008,5.46
08-21-2008,5.38
08-20-2008,5.43
08-19-2008,5.36
08-18-2008,5.41
08-15-2008,5.42
08-14-2008,5.53
08-13-2008,5.53
08-12-2008,5.45
08-11-2008,5.36
08-08-2008,5.23
08-07-2008,5.05
08-06-2008,5.07
08-05-2008,4.96
08-04-2008,4.73
08-01-2008,4.83
07-31-2008,4.91
07-30-2008,4.93
07-29-2008,4.85
07-28-2008,4.77
07-25-2008,5
07-24-2008,4.91
07-23-2008,5.13
07-22-2008,5
07-21-2008,5.13
07-18-2008,5.1
07-17-2008,5.3
07-16-2008,5.33
07-15-2008,5.24
07-14-2008,5.37
07-11-2008,5.33
07-10-2008,5.45
07-09-2008,5.38
07-08-2008,5.54
07-07-2008,5.41
07-03-2008,5.25
07-02-2008,5.19
07-01-2008,5.39
06-30-2008,5.17
06-27-2008,5.25
06-26-2008,5.19
06-25-2008,5.47
06-24-2008,5.35
06-23-2008,5.34
06-20-2008,5.41
06-19-2008,5.58
06-18-2008,5.52
06-17-2008,5.6
06-16-2008,5.46
06-13-2008,5.32
06-12-2008,5.35
06-11-2008,5.58
06-10-2008,5.73
06-09-2008,5.6
06-06-2008,5.73
06-05-2008,5.85
06-04-2008,5.72
06-03-2008,5.72
06-02-2008,5.74
05-30-2008,5.83
05-29-2008,5.76
05-28-2008,5.77
05-27-2008,5.75
05-23-2008,5.59
05-22-2008,5.46
05-21-2008,5.5
05-20-2008,5.74
05-19-2008,5.67
05-16-2008,5.79
05-15-2008,5.86
05-14-2008,5.75
05-13-2008,5.86
05-12-2008,5.81
05-09-2008,5.66
05-08-2008,5.71
05-07-2008,5.64
05-06-2008,5.76
05-05-2008,5.7
05-02-2008,5.58
05-01-2008,5.56
04-30-2008,5.37
04-29-2008,5.4
04-28-2008,5.32
04-25-2008,5.24
04-24-2008,5.21
04-23-2008,5.03
04-22-2008,4.94
04-21-2008,5.19
04-18-2008,4.97
04-17-2008,4.77
04-16-2008,4.74
04-15-2008,4.58
04-14-2008,4.56
04-11-2008,4.54
04-10-2008,4.77
04-09-2008,4.67
04-08-2008,4.72
04-07-2008,4.81
04-04-2008,4.72
04-03-2008,4.68
04-02-2008,4.55
04-01-2008,4.61
03-31-2008,4.43
03-28-2008,4.41
03-27-2008,4.33
03-26-2008,4.48
03-25-2008,4.35
03-24-2008,4.31
03-20-2008,4.11
03-19-2008,4
03-18-2008,4.1
03-17-2008,3.91
03-14-2008,3.91
03-13-2008,3.95
03-12-2008,3.89
03-11-2008,3.93
03-10-2008,3.69
03-07-2008,3.77
03-06-2008,3.73
03-05-2008,3.84
03-04-2008,3.85
03-03-2008,3.76
02-29-2008,3.86
02-28-2008,4.01
02-27-2008,3.79
02-26-2008,3.68
02-25-2008,3.7
02-22-2008,3.69
02-21-2008,3.75
02-20-2008,3.82
02-19-2008,3.77
02-15-2008,3.85
02-14-2008,3.93
02-13-2008,3.99
02-12-2008,3.85
02-11-2008,4
02-08-2008,3.87
02-07-2008,3.74
02-06-2008,3.77
02-05-2008,3.99
02-04-2008,4.06
02-01-2008,4.13
01-31-2008,4.18
01-30-2008,4.08
01-29-2008,4.06
01-28-2008,4.01
01-25-2008,4.01
01-24-2008,4.18
01-23-2008,4.29
01-22-2008,4.8
01-18-2008,4.98
01-17-2008,4.97
01-16-2008,4.93
01-15-2008,5.22
01-14-2008,5.52
01-11-2008,5.33
01-10-2008,5.49
01-09-2008,5.54
01-08-2008,5.29
01-07-2008,5.48
01-04-2008,5.56
01-03-2008,6.02
01-02-2008,6.01
